course,
Algebra 1 Honors,
Algebra 2 Honors,
Earth and Space Science Honors,
Biology Honors,
Chemistry Honors,
Physics 1 Honors,
Physics 2 Honors,
Spanish 2 Honors,
Spanish 3 Honors,
French 1 Honors,
French 2 Honors,
Latin 1 Honors,
Latin 2 Honors,
English 1 Honors,
English 2 Honors,
English 3 Honors,
Algebra 1,
Algebra 2,
Earth and Space Science,
Biology,
Chemistry,
Physics 1,
Physics 2,
Spanish 2,
Spanish 3,
French 1,
French 2,
Latin 1,
Latin 2,
English 1,
English 2,
English 3,
Journalism,
Economics,
Computer Science Principles,
Intro to Art,
Pottery,
Drawing,
Painting,
Acting,
Band,
Chorus,
Physical Education,
Yoga,
Geometry Honors,
Geometry,
Precalculus Honors,
Precalculus,
Statistics 1,
Statistics 2,
World History Honors,
World History,
20th Century World History Honors,
20th Century World History,
U.S. Civics and Government,
American History,
AP Human Geography,
AP European History,
AP U.S. History,
AP Psychology,
Astronomy and Astrophysics,
Marine Biology,
Graphic Design 1,
Graphic Design 2,
AP English Language and Composition,
AP English Literature and Composition,
Piano,
Guitar,
Music Theory,
Creative Writing: Fiction,
Creative Writing: Poetry,
Health,
Songwriting,
Accounting 1,
Audio Engineering,