name,
Keith,
Margaret,
Susan,
Sally,
Roy,
Matt,
Bernard,
Ella,
John,
Bob,
Theodore,
Jim,
Rebecca,
Katherine,
Martha,
Nathan,
Nathaniel,
Howard,
Issac,
Leo,
Logan,
Myles,
Martha,
Derek,
Daisy,
Violet,
Warren,
Lance,
Bartholomew,
William,
Selena,
Becky,
Alexander,
James,
Robert,
Maria,
Mohammed,
David,
Ana,
Michael,
Mary,
Juan,
Daniel,
Luis,
Antonio,
Elena,
Peter,
Richard,
Paul,
Rosa,
Elizabeth,
Patricia,
Anita,
Victor,
Miguel,
Sarah,
Laura,
Ivan,
Diana,
Nancy,
George,
Ruth,
Francis,
Melissa,
Christopher,
Eva,
Sonia,
Mina,
Victoria,
Julia,
Irene,
Edward,
Ronald,
Lisa,
Phillip,